group,rows,accuracy,macro_f1,recall_p1,support_p1,support_p2,support_p3,support_p4
sanitario,257,0.824903,0.792966,0.404255,47,82,67,61
incendio,145,0.827586,0.861823,0.731707,41,79,23,2
trafico,1041,0.933718,0.935353,0.964727,567,183,280,11
