{
  "generated_at": "2026-06-17T15:28:22.840997+00:00",
  "scope": "T110-T112 final evaluation, bias analysis and P1 error review",
  "model_path": "artifacts\\models\\capa2\\v0.1.0\\rulefit_lite.joblib",
  "evaluation": {
    "stratified_test": {
      "metrics": {
        "rows": 1453,
        "accuracy": 0.903648,
        "macro_f1": 0.905604,
        "recall_p1": 0.909924,
        "per_class": {
          "P1": {
            "precision": 0.941548,
            "recall": 0.909924,
            "f1": 0.925466,
            "support": 655
          },
          "P2": {
            "precision": 0.822888,
            "recall": 0.86533,
            "f1": 0.843575,
            "support": 349
          },
          "P3": {
            "precision": 0.924119,
            "recall": 0.909333,
            "f1": 0.916667,
            "support": 375
          },
          "P4": {
            "precision": 0.880952,
            "recall": 1.0,
            "f1": 0.936709,
            "support": 74
          }
        },
        "confusion_matrix": {
          "P1": {
            "P1": 596,
            "P2": 34,
            "P3": 18,
            "P4": 7
          },
          "P2": {
            "P1": 37,
            "P2": 302,
            "P3": 10,
            "P4": 0
          },
          "P3": {
            "P1": 0,
            "P2": 31,
            "P3": 341,
            "P4": 3
          },
          "P4": {
            "P1": 0,
            "P2": 0,
            "P3": 0,
            "P4": 74
          }
        }
      },
      "critical_errors": {
        "p1_false_negatives": 59,
        "p1_to_p2": 34,
        "p1_to_p3": 18,
        "p1_to_p4": 7
      }
    },
    "temporal_test": {
      "metrics": {
        "rows": 735,
        "accuracy": 0.884354,
        "macro_f1": 0.877594,
        "recall_p1": 0.928767,
        "per_class": {
          "P1": {
            "precision": 0.94958,
            "recall": 0.928767,
            "f1": 0.939058,
            "support": 365
          },
          "P2": {
            "precision": 0.740113,
            "recall": 0.829114,
            "f1": 0.78209,
            "support": 158
          },
          "P3": {
            "precision": 0.90184,
            "recall": 0.821229,
            "f1": 0.859649,
            "support": 179
          },
          "P4": {
            "precision": 0.868421,
            "recall": 1.0,
            "f1": 0.929577,
            "support": 33
          }
        },
        "confusion_matrix": {
          "P1": {
            "P1": 339,
            "P2": 17,
            "P3": 9,
            "P4": 0
          },
          "P2": {
            "P1": 18,
            "P2": 131,
            "P3": 7,
            "P4": 2
          },
          "P3": {
            "P1": 0,
            "P2": 29,
            "P3": 147,
            "P4": 3
          },
          "P4": {
            "P1": 0,
            "P2": 0,
            "P3": 0,
            "P4": 33
          }
        }
      },
      "critical_errors": {
        "p1_false_negatives": 26,
        "p1_to_p2": 17,
        "p1_to_p3": 9,
        "p1_to_p4": 0
      }
    }
  },
  "bias_analysis": {
    "province": [
      {
        "group": "Segovia",
        "rows": 91,
        "accuracy": 0.879121,
        "macro_f1": 0.887379,
        "recall_p1": 0.913043,
        "support_p1": 46,
        "support_p2": 18,
        "support_p3": 23,
        "support_p4": 4
      },
      {
        "group": "Leon",
        "rows": 484,
        "accuracy": 0.88843,
        "macro_f1": 0.893354,
        "recall_p1": 0.876344,
        "support_p1": 186,
        "support_p2": 136,
        "support_p3": 130,
        "support_p4": 32
      },
      {
        "group": "Salamanca",
        "rows": 129,
        "accuracy": 0.891473,
        "macro_f1": 0.894117,
        "recall_p1": 0.872727,
        "support_p1": 55,
        "support_p2": 27,
        "support_p3": 38,
        "support_p4": 9
      },
      {
        "group": "Zamora",
        "rows": 103,
        "accuracy": 0.92233,
        "macro_f1": 0.902812,
        "recall_p1": 0.903846,
        "support_p1": 52,
        "support_p2": 22,
        "support_p3": 24,
        "support_p4": 5
      },
      {
        "group": "Avila",
        "rows": 137,
        "accuracy": 0.890511,
        "macro_f1": 0.908916,
        "recall_p1": 0.886792,
        "support_p1": 53,
        "support_p2": 32,
        "support_p3": 46,
        "support_p4": 6
      },
      {
        "group": "Soria",
        "rows": 64,
        "accuracy": 0.90625,
        "macro_f1": 0.915883,
        "recall_p1": 0.911765,
        "support_p1": 34,
        "support_p2": 13,
        "support_p3": 15,
        "support_p4": 2
      },
      {
        "group": "Burgos",
        "rows": 235,
        "accuracy": 0.923404,
        "macro_f1": 0.91969,
        "recall_p1": 0.957627,
        "support_p1": 118,
        "support_p2": 54,
        "support_p3": 53,
        "support_p4": 10
      },
      {
        "group": "Valladolid",
        "rows": 134,
        "accuracy": 0.925373,
        "macro_f1": 0.935536,
        "recall_p1": 0.928571,
        "support_p1": 70,
        "support_p2": 33,
        "support_p3": 26,
        "support_p4": 5
      },
      {
        "group": "Palencia",
        "rows": 75,
        "accuracy": 0.946667,
        "macro_f1": 0.948657,
        "recall_p1": 0.975,
        "support_p1": 40,
        "support_p2": 14,
        "support_p3": 20,
        "support_p4": 1
      }
    ],
    "year": [
      {
        "group": "2009",
        "rows": 64,
        "accuracy": 0.875,
        "macro_f1": 0.810606,
        "recall_p1": 0.897436,
        "support_p1": 39,
        "support_p2": 12,
        "support_p3": 12,
        "support_p4": 1
      },
      {
        "group": "2011",
        "rows": 63,
        "accuracy": 0.888889,
        "macro_f1": 0.823001,
        "recall_p1": 0.888889,
        "support_p1": 36,
        "support_p2": 11,
        "support_p3": 15,
        "support_p4": 1
      },
      {
        "group": "2010",
        "rows": 57,
        "accuracy": 0.894737,
        "macro_f1": 0.83136,
        "recall_p1": 0.891892,
        "support_p1": 37,
        "support_p2": 10,
        "support_p3": 9,
        "support_p4": 1
      },
      {
        "group": "2013",
        "rows": 101,
        "accuracy": 0.861386,
        "macro_f1": 0.865123,
        "recall_p1": 0.863636,
        "support_p1": 44,
        "support_p2": 24,
        "support_p3": 27,
        "support_p4": 6
      },
      {
        "group": "2022",
        "rows": 115,
        "accuracy": 0.895652,
        "macro_f1": 0.894011,
        "recall_p1": 0.892857,
        "support_p1": 56,
        "support_p2": 25,
        "support_p3": 27,
        "support_p4": 7
      },
      {
        "group": "2018",
        "rows": 112,
        "accuracy": 0.919643,
        "macro_f1": 0.899605,
        "recall_p1": 0.9375,
        "support_p1": 48,
        "support_p2": 29,
        "support_p3": 30,
        "support_p4": 5
      },
      {
        "group": "2008",
        "rows": 19,
        "accuracy": 0.894737,
        "macro_f1": 0.901128,
        "recall_p1": 1.0,
        "support_p1": 9,
        "support_p2": 5,
        "support_p3": 4,
        "support_p4": 1
      },
      {
        "group": "2019",
        "rows": 118,
        "accuracy": 0.881356,
        "macro_f1": 0.904979,
        "recall_p1": 0.891304,
        "support_p1": 46,
        "support_p2": 36,
        "support_p3": 31,
        "support_p4": 5
      },
      {
        "group": "2020",
        "rows": 97,
        "accuracy": 0.886598,
        "macro_f1": 0.907516,
        "recall_p1": 0.928571,
        "support_p1": 42,
        "support_p2": 27,
        "support_p3": 26,
        "support_p4": 2
      },
      {
        "group": "2015",
        "rows": 115,
        "accuracy": 0.886957,
        "macro_f1": 0.907578,
        "recall_p1": 0.869565,
        "support_p1": 46,
        "support_p2": 28,